Country,University,Ranking,Tuition,PercOfIntStud,AcceptanceRate,SafetyIndex,LivingCost,RentCost,GroceriesCost,RecreationCost,HealthcareCost,TransportCost,Link,Computer Science,Business,Economics,Psychology,Biology,Law,Medicine,Mathematics,Art,Physics,Latitude,Longitude,region
UNITED STATES,Massachusetts Institute of Technology (MIT),1,54000,29,7,70,1500,1000,300,150,1000,90,https://web.mit.edu/,1,1,1,1,1,0,0,1,1,1,42.3601,-71.0942,Northern America
UNITED STATES,Stanford University,2,53000,23,4,75,1800,1200,350,180,1200,100,https://www.stanford.edu/,1,1,1,1,1,1,1,1,1,1,37.4275,-122.1697,Northern America
UNITED STATES,California Institute of Technology (Caltech),4,50000,33,6,68,1700,1100,320,170,1150,85,https://www.caltech.edu/,1,0,1,0,1,0,0,1,0,1,34.1377,-118.1253,Northern America
UNITED KINGDOM,University of Oxford,5,40000,45,17,80,1500,800,250,140,500,70,https://www.ox.ac.uk/,1,1,1,1,1,1,1,1,1,1,51.7548,-1.2544,Europe
UNITED KINGDOM,University of Cambridge,6,35000,41,21,82,1400,800,250,130,500,70,https://www.cam.ac.uk/,1,1,1,1,1,1,1,1,1,1,52.2043,0.1166,Europe
SWITZERLAND,ETH Zurich,7,1500,38,27,85,2000,1200,350,200,800,90,https://ethz.ch/en.html,1,1,1,0,1,0,0,1,0,1,47.3769,8.5417,Europe
UNITED KINGDOM,Imperial College London,8,40000,60,14,77,1600,1000,300,150,600,100,https://www.imperial.ac.uk/,1,1,1,0,1,0,1,1,0,1,51.4988,-0.1749,Europe
UNITED STATES,University of Chicago,9,55000,21,6,65,1700,1000,300,170,1200,85,https://www.uchicago.edu/,1,1,1,1,1,1,0,1,1,1,41.7897,-87.5997,Northern America
UNITED KINGDOM,UCL (University College London),10,38000,48,15,78,1500,900,280,140,600,90,https://www.ucl.ac.uk/,1,1,1,1,1,1,1,1,1,1,51.5246,-0.134,Europe
UNITED STATES,University of Michigan - Ann Arbor,21,47500,15,20,70,1500,800,300,150,1200,60,https://umich.edu,1,1,1,1,1,1,1,1,1,1,42.278,-83.7382,Northern America
UNITED KINGDOM,London School of Economics and Political Science (LSE),22,24000,67,8,65,2000,1200,400,200,500,150,https://www.lse.ac.uk,0,1,1,1,0,1,0,1,0,0,51.5145,-0.1165,Europe
CHINA,Peking University,23,4500,13,1,75,800,400,150,100,300,25,https://english.pku.edu.cn,1,1,1,1,1,1,1,1,1,1,39.9928,116.3055,Asia
CANADA,University of Toronto,24,38000,25,43,80,1800,1000,350,150,700,90,https://www.utoronto.ca,1,1,1,1,1,1,1,1,1,1,43.6629,-79.3957,Northern America
UNITED STATES,Johns Hopkins University,25,58000,21,11,65,1700,900,350,200,1300,70,https://www.jhu.edu,1,1,1,1,1,1,1,1,1,1,39.3289,-76.6205,Northern America
UNITED STATES,University of Washington,26,38000,17,45,75,1600,900,300,150,900,85,https://www.washington.edu,1,1,1,1,1,1,1,1,1,1,47.6553,-122.3035,Northern America
UNITED KINGDOM,University of Edinburgh,27,23000,44,10,75,1400,800,300,150,400,75,https://www.ed.ac.uk,1,1,1,1,1,1,1,1,1,1,55.9444,-3.187,Europe
UNITED STATES,"University of California, San Diego",28,44000,22,34,80,1800,1000,350,150,800,80,https://ucsd.edu,1,1,1,1,1,0,1,1,1,1,32.8801,-117.234,Northern America
GERMANY,Ludwig Maximilian University of Munich,31,500,17,10,80,1200,700,250,100,1200,60,https://www.en.uni-muenchen.de,1,1,1,1,1,1,1,1,1,1,48.1506,11.5809,Europe
AUSTRALIA,University of Melbourne,32,32000,44,70,85,2000,1200,400,200,1000,90,https://www.unimelb.edu.au,1,1,1,1,1,1,1,1,1,1,-37.7962,144.9614,Oceania
UNITED KINGDOM,Kings College London,33,25000,45,13,70,2200,1300,400,200,500,150,https://www.kcl.ac.uk,1,1,1,1,1,1,1,1,1,1,51.5118,-0.1153,Europe
HONG KONG,University of Hong Kong,34,12000,40,10,75,1600,900,300,150,500,50,https://www.hku.hk,1,1,1,1,1,1,1,1,1,1,22.2838,114.1374,Asia
UNITED STATES,"University of California, Davis",35,44000,18,39,80,1800,1000,350,150,900,85,https://www.ucdavis.edu,1,1,1,1,1,0,1,1,1,1,38.5382,-121.7617,Northern America
CHINA,Tsinghua University,36,5000,12,2,75,900,500,150,100,300,25,https://www.tsinghua.edu.cn,1,1,1,1,1,1,1,1,1,1,40.0037,116.3269,Asia
AUSTRALIA,University of Sydney,37,36000,45,30,85,2200,1300,400,200,1000,90,https://www.sydney.edu.au,1,1,1,1,1,1,1,1,1,1,-33.8886,151.1872,Oceania
UNITED KINGDOM,University of Manchester,38,22000,41,59,70,1400,800,300,150,400,75,https://www.manchester.ac.uk,1,1,1,1,1,1,1,1,1,1,53.4668,-2.2339,Europe
CANADA,University of British Columbia,39,35000,28,52,85,1800,1000,350,200,700,90,https://www.ubc.ca,1,1,1,1,1,1,1,1,1,1,49.2606,-123.246,Northern America
SWITZERLAND,Ecole Polytechnique Federale de Lausanne,40,1200,48,27,90,2000,1200,400,200,1000,100,https://www.epfl.ch,1,1,1,0,1,0,0,1,0,1,46.5191,6.5668,Europe
BELGIUM,KU Leuven,41,1750,20,30,85,1300,600,300,150,700,60,https://www.kuleuven.be,1,1,1,1,1,1,1,1,1,1,50.8789,4.7005,Europe
UNITED STATES,University of Illinois Urbana-Champaign,42,35000,23,63,80,1500,800,350,150,1000,80,https://illinois.edu,1,1,1,1,1,1,0,1,1,1,40.102,-88.2272,Northern America
JAPAN,University of Tokyo,43,4500,11,34,88,1500,800,300,150,600,70,https://www.u-tokyo.ac.jp,1,1,1,1,1,1,1,1,1,1,35.7126,139.7627,Asia
SOUTH KOREA,Seoul National University,44,5000,15,15,85,1200,600,250,150,500,50,https://www.useoul.edu,1,1,1,1,1,1,1,1,1,1,37.4599,126.9523,
AUSTRALIA,University of New South Wales,49,33000,40,30,82,2000,1200,400,200,700,90,https://www.unsw.edu.au,1,1,1,1,1,1,1,1,1,1,-33.917,151.2311,Oceania
SWEDEN,Lund University,52,12000,20,34,90,1400,700,300,150,300,70,https://www.lu.se,1,1,1,1,1,1,1,1,1,1,55.7047,13.191,Europe
NETHERLANDS,Utrecht University,54,14000,18,35,85,1400,800,300,150,600,70,https://www.uu.nl,1,1,1,1,1,1,1,1,1,1,52.0876,5.1214,Europe
SWITZERLAND,University of Zurich,55,1500,20,23,92,2000,1200,400,200,800,100,https://www.uzh.ch/en.html,1,1,1,1,1,1,1,1,1,1,47.3744,8.5481,Europe
FINLAND,University of Helsinki,57,13000,15,17,93,1600,850,300,150,400,70,https://www.helsinki.fi/en,1,1,1,1,1,1,1,1,1,1,60.1695,24.9354,Europe
AUSTRALIA,University of Queensland,58,32000,39,40,85,2000,1100,400,200,700,90,https://www.uq.edu.au,1,1,1,1,1,1,1,1,1,1,-27.4975,153.0137,Oceania
SOUTH AFRICA,University of Cape Town,60,6000,18,30,65,800,400,200,100,300,50,https://www.uct.ac.za,1,1,1,1,1,1,1,1,1,1,-33.9576,18.4609,Africa
AUSTRIA,University of Vienna,61,1500,28,25,88,1300,700,250,150,400,60,https://www.univie.ac.at/en/,1,1,1,1,1,1,1,1,1,1,48.2132,16.3608,Europe
CANADA,McMaster University,62,25000,18,58,85,1500,800,350,150,600,70,https://www.mcmaster.ca,1,1,1,1,1,1,1,1,1,1,43.2615,-79.9198,Northern America
UNITED KINGDOM,University of Leeds,63,23000,27,46,83,1400,700,250,150,400,60,https://www.leeds.ac.uk,1,1,1,1,1,1,1,1,1,1,53.8077,-1.5529,Europe
AUSTRALIA,University of Adelaide,64,28000,31,44,87,1800,900,300,150,600,70,https://www.adelaide.edu.au,1,1,1,1,1,1,1,1,1,1,-34.9212,138.605,Oceania
SWITZERLAND,University of Geneva,65,1000,35,21,91,2200,1300,400,200,800,90,https://www.unige.ch,1,1,1,1,1,1,1,1,1,1,46.1998,6.1443,Europe
NETHERLANDS,University of Groningen,66,2200,30,47,89,1200,600,250,150,500,60,https://www.rug.nl,1,1,1,1,1,1,1,1,1,1,53.2194,6.5665,Europe
NORWAY,University of Bergen,67,10000,13,18,93,1800,950,350,150,300,80,https://www.uib.no/en,1,1,1,1,1,1,1,1,1,1,60.3884,5.3322,Europe
UNITED KINGDOM,University of Liverpool,68,21000,27,48,80,1300,600,250,150,400,60,https://www.liverpool.ac.uk,1,1,1,1,1,1,1,1,1,1,53.4066,-2.9665,Europe
CANADA,University of Calgary,69,18000,20,50,88,1600,800,350,150,500,70,https://www.ucalgary.ca,1,1,1,1,1,1,1,1,1,1,51.078,-114.1336,Northern America
BELGIUM,University of Antwerp,70,900,18,45,87,1200,600,250,150,300,60,https://www.uantwerpen.be/en/,1,1,1,1,1,1,1,1,1,1,51.2205,4.3997,Europe
CANADA,University of Ottawa,71,18500,24,42,86,1600,800,350,150,500,70,https://www.uottawa.ca,1,1,1,1,1,1,1,1,1,1,45.4215,-75.6879,Northern America
GERMANY,University of Cologne,72,500,18,35,90,1200,600,250,150,400,60,https://www.uni-koeln.de,1,1,1,1,1,1,1,1,1,1,50.9271,6.9286,Europe
NORWAY,University of Oslo,74,9000,16,22,94,1900,1000,350,150,400,80,https://www.uio.no,1,1,1,1,1,1,1,1,1,1,59.9419,10.7211,Europe
SWEDEN,University of Gothenburg,75,8000,19,40,90,1600,800,300,150,350,70,https://www.gu.se,1,1,1,1,1,1,1,1,1,1,57.689,11.9746,Europe
CANADA,University of Alberta,76,20000,25,58,85,1500,750,300,150,400,70,https://www.ualberta.ca,1,1,1,1,1,1,1,1,1,1,53.5232,-113.5263,Northern America
ITALY,University of Milan,77,2000,12,35,85,1400,700,300,150,300,60,https://www.unimi.it,1,1,1,1,1,1,1,1,1,1,45.4629,9.194,Europe
PORTUGAL,University of Porto,78,1500,14,45,88,1200,500,250,150,300,50,https://www.up.pt,1,1,1,1,1,1,1,1,1,1,41.1523,-8.6292,Europe
SPAIN,University of Barcelona,81,2900,16,55,88,1500,700,300,150,400,60,https://www.ub.edu,1,1,1,1,1,1,1,1,1,1,41.3851,2.1734,Europe
SWITZERLAND,University of Basel,85,1700,23,25,91,2300,1200,400,250,700,90,https://www.unibas.ch,1,1,1,1,1,1,1,1,1,1,47.5586,7.5834,Europe
BRAZIL,University of Sao Paulo,88,0,9,13,50,1000,400,200,100,250,40,https://www5.usp.br,1,1,1,1,1,1,1,1,1,1,-23.5617,-46.7309,Southern America
UNITED KINGDOM,University of St Andrews,93,25000,30,41,92,1800,900,350,200,500,60,https://www.st-andrews.ac.uk,1,1,1,1,1,1,0,1,1,1,56.3398,-2.7967,Europe
NEW ZEALAND,University of Auckland,96,20000,32,45,85,1900,950,400,200,500,80,https://www.auckland.ac.nz,1,1,1,1,1,1,1,1,1,1,-36.8521,174.7682,Oceania
GHANA,University of Cape Coast,98,2500,5,70,60,600,250,150,100,200,40,https://ucc.edu.gh,1,1,1,1,1,1,1,1,1,1,5.1061,-1.2445,Africa
SWITZERLAND,University of Bern,102,1500,18,30,93,2400,1100,400,250,600,70,https://www.unibe.ch,1,1,1,1,1,1,1,1,1,1,46.9506,7.438,Europe
UNITED KINGDOM,University of Reading,112,18000,25,20,85,1600,750,350,180,500,60,https://www.reading.ac.uk,1,1,1,1,1,1,1,1,1,1,51.4418,-0.9416,Europe
ITALY,University of Pisa,122,2500,12,40,84,1000,500,250,150,300,45,https://www.unipi.it,1,1,1,1,1,1,1,1,1,1,43.716,10.4003,Europe
POLAND,University of Warsaw,123,2000,10,45,78,900,400,250,120,200,40,https://www.uw.edu.pl,1,1,1,1,1,1,1,1,1,1,52.24,21.0209,Europe
GERMANY,University of Gottingen,128,700,15,38,86,1000,400,250,150,300,50,https://www.uni-goettingen.de,1,1,1,1,1,1,1,1,1,1,51.5403,9.9347,Europe
DENMARK,University of Copenhagen,129,15000,25,22,95,2000,900,400,200,400,70,https://www.ku.dk,1,1,1,1,1,1,1,1,1,1,55.6781,12.5683,Europe
ARGENTINA,University of Buenos Aires,131,0,8,65,70,600,250,150,100,200,30,https://www.uba.ar,1,1,1,1,1,1,1,1,1,1,-34.5997,-58.3721,Southern America
SOUTH AFRICA,University of Pretoria,132,4000,15,45,60,700,300,150,100,250,40,https://www.up.ac.za,1,1,1,1,1,1,1,1,1,1,-25.7538,28.2314,Africa
MALAYSIA,University of Malaya,133,2500,18,42,72,600,250,150,100,200,30,https://www.um.edu.my,1,1,1,1,1,1,1,1,1,1,3.1203,101.6544,Asia
ESTONIA,University of Tartu,134,3800,20,35,90,900,350,200,100,200,40,https://www.ut.ee,1,1,1,1,1,1,1,1,1,1,58.378,26.729,Europe
INDIA,University of Delhi,136,300,5,35,60,500,200,100,50,100,20,https://www.du.ac.in,1,1,1,1,1,1,1,1,1,1,28.5846,77.1621,Asia
IRELAND,University of Galway,142,15000,15,36,89,1500,600,300,150,400,60,https://www.universityofgalway.ie,1,1,1,1,1,1,1,1,1,1,53.2797,-9.0598,Europe
UNITED KINGDOM,Newcastle University,144,20000,25,37,87,1400,600,250,150,400,60,https://www.ncl.ac.uk,1,1,1,1,1,1,1,1,1,1,54.9783,-1.6174,Europe
BELGIUM,Ghent University,145,6000,18,50,90,1200,500,250,150,400,60,https://www.ugent.be,1,1,1,1,1,1,1,1,1,1,51.0486,3.7252,Europe
DENMARK,Aarhus University,146,15000,12,40,94,1500,600,300,200,500,60,https://international.au.dk,1,1,1,1,1,1,1,1,1,1,56.1684,10.202,Europe
TURKEY,Koc University,148,17500,8,12,70,800,300,150,100,300,40,https://www.ku.edu.tr,1,1,1,1,1,1,1,1,1,1,41.2056,29.0374,Asia
SOUTH KOREA,Korea University,149,10000,11,19,85,1200,500,250,150,400,50,https://www.korea.ac.kr,1,1,1,1,1,1,1,1,1,1,37.5915,127.0166,
CZECH REPUBLIC,Charles University,151,8000,18,42,92,1000,400,250,150,400,50,https://cuni.cz,1,1,1,1,1,1,1,1,1,1,50.0755,14.4115,Europe
HUNGARY,Eotvos Lorand University,153,5000,12,47,85,900,350,200,100,300,40,https://www.elte.hu,1,1,1,1,1,1,1,1,1,1,47.482,19.0627,Europe
GREECE,National and Kapodistrian University of Athens,154,3000,10,60,80,800,300,200,100,250,40,https://en.uoa.gr,1,1,1,1,1,1,1,1,1,1,37.9714,23.749,Europe
ISRAEL,Hebrew University of Jerusalem,155,10000,12,45,75,1400,600,300,150,400,60,https://en.huji.ac.il,1,1,1,1,1,1,1,1,1,1,31.783,35.2137,Asia
CHILE,University of Chile,157,5000,6,25,70,800,350,200,100,250,40,https://www.uchile.cl,1,1,1,1,1,1,1,1,1,1,-33.4489,-70.6693,Southern America
SAUDI ARABIA,King Saud University,158,7000,10,50,85,1000,400,250,150,300,40,https://ksu.edu.sa,1,1,1,1,1,1,1,1,1,1,24.7006,46.682,Asia
TAIWAN,National Taiwan University,159,5000,11,30,85,1000,400,250,150,300,50,https://www.ntu.edu.tw,1,1,1,1,1,1,1,1,1,1,25.0173,121.5398,Asia
INDIA,Indian Institute of Technology Bombay,161,5000,3,8,75,600,200,150,100,100,30,https://www.iitb.ac.in,1,1,1,0,1,0,0,1,0,1,19.1334,72.9133,Asia
FINLAND,Aalto University,163,12000,18,25,98,1500,600,300,150,500,60,https://www.aalto.fi,1,1,1,1,0,0,0,1,1,1,60.1867,24.8292,Europe
COLOMBIA,University of the Andes,166,6000,8,35,65,700,300,150,100,200,40,https://uniandes.edu.co,1,1,1,1,1,1,1,1,1,1,4.601,-74.0656,Southern America
RUSSIA,Lomonosov Moscow State University,169,4000,15,12,70,800,300,200,100,200,35,https://www.msu.ru,1,1,1,1,1,1,1,1,1,1,55.7025,37.5309,Europe
CHILE,Pontifical Catholic University of Chile,170,6000,7,25,75,900,400,200,120,250,40,https://www.uc.cl,1,1,1,1,1,1,1,1,1,1,-33.4413,-70.6405,Southern America
THAILAND,Chulalongkorn University,172,2500,8,20,80,800,350,200,120,300,40,https://www.chula.ac.th,1,1,1,1,1,1,1,1,1,1,13.7386,100.5327,Asia
EGYPT,American University in Cairo,174,10000,14,35,65,700,300,150,100,250,30,https://www.aucegypt.edu,1,1,1,1,1,1,1,1,1,1,30.0188,31.5014,Africa
FINLAND,University of Turku,177,10000,9,45,90,1100,450,250,150,300,50,https://www.utu.fi,1,1,1,1,1,1,0,1,1,1,60.4545,22.2841,Europe
INDIA,Indian Institute of Technology Kanpur,178,2000,2,10,70,600,200,150,100,100,20,https://www.iitk.ac.in,1,1,1,0,1,0,0,1,0,1,26.5123,80.2329,Asia
IRAN,University of Tehran,181,3000,5,35,60,600,200,150,100,150,25,https://ut.ac.ir,1,1,1,1,1,1,1,1,1,1,35.7033,51.418,Asia
BELGIUM,University of Li√®ge,182,4175,23,55,85,1100,450,250,130,350,40,https://www.uliege.be,1,1,1,1,1,1,1,1,1,1,,,Europe
NEW ZEALAND,Victoria University of Wellington,183,25000,21,64,90,1400,600,300,150,400,60,https://www.wgtn.ac.nz,1,1,1,1,1,1,0,1,1,1,-41.2904,174.7686,Oceania
INDONESIA,University of Indonesia,190,1000,5,60,65,600,250,150,80,150,20,https://www.ui.ac.id,1,1,1,1,1,1,1,1,1,1,-6.362,106.8231,Asia
SOUTH AFRICA,Stellenbosch University,191,3000,12,50,55,750,300,200,100,200,30,https://www.sun.ac.za,1,1,1,1,1,1,1,1,1,1,-33.9359,18.8644,Africa
SAUDI ARABIA,King Fahd University of Petroleum and Minerals,193,3000,6,20,80,900,400,250,120,200,50,https://www.kfupm.edu.sa,1,1,1,0,1,0,0,1,0,1,26.3103,50.1381,Asia
RUSSIA,Saint Petersburg State University,194,3000,12,45,75,800,300,200,100,150,25,https://english.spbu.ru,1,1,1,1,1,1,1,1,1,1,59.9391,30.3006,Europe
SINGAPORE,Singapore Management University,200,18000,20,30,90,1500,600,300,200,500,60,https://www.smu.edu.sg,1,1,1,1,0,1,0,1,1,0,1.2966,103.8502,Asia
CZECH REPUBLIC,Masaryk University,203,3000,12,45,85,800,350,200,100,150,30,https://www.muni.cz/en,1,1,1,1,1,1,1,1,1,1,49.194,16.6082,Europe
NORWAY,Norwegian University of Science and Technology,205,0,9,35,93,1500,600,350,200,300,60,https://www.ntnu.edu,1,1,1,1,1,1,1,1,1,1,63.4167,10.4034,Europe
AUSTRIA,Johannes Kepler University Linz,206,1500,14,50,89,1100,450,300,130,250,45,https://www.jku.at/en,1,1,1,1,1,1,1,1,1,1,48.3364,14.3198,Europe
SOUTH AFRICA,University of KwaZulu-Natal,207,3000,6,55,60,700,250,180,90,150,25,https://www.ukzn.ac.za,1,1,1,1,1,1,1,1,1,1,-29.8587,30.98,Africa
BRAZIL,Federal University of Minas Gerais,208,0,4,65,55,600,200,150,80,100,20,https://ufmg.br,1,1,1,1,1,1,1,1,1,1,-19.9366,-43.9389,Southern America
TAIWAN,National Taiwan University (NTU),209,3000,10,35,90,1000,400,250,150,200,40,https://www.ntu.edu.tw,1,1,1,1,1,1,1,1,1,1,25.0173,121.5398,Asia
GREECE,Aristotle University of Thessaloniki,210,1000,8,70,85,800,300,200,120,150,30,https://www.auth.gr/en,1,1,1,1,1,1,1,1,1,1,40.631,22.9574,Europe
PORTUGAL,University of Minho,211,2000,12,55,87,900,350,250,120,200,40,https://www.uminho.pt,1,1,1,1,1,1,1,1,1,1,41.5567,-8.3974,Europe
DENMARK,Aalborg University,212,10000,16,40,93,1200,500,300,150,300,50,https://www.en.aau.dk,1,1,1,1,1,1,1,1,1,1,57.0483,9.9196,Europe
POLAND,Jagiellonian University,215,2500,13,35,88,800,300,200,100,150,35,https://en.uj.edu.pl,1,1,1,1,1,1,1,1,1,1,50.0614,19.9366,Europe
MEXICO,National Autonomous University of Mexico (UNAM),216,200,3,30,65,600,250,150,80,100,20,https://www.unam.mx,1,1,1,1,1,1,1,1,1,1,19.3327,-99.1895,Southern America
NEW ZEALAND,University of Waikato,219,6000,20,50,92,1200,500,300,150,400,50,https://www.waikato.ac.nz,1,1,1,1,1,1,1,1,1,1,-37.787,175.3163,Oceania
ISRAEL,Technion - Israel Institute of Technology,220,4500,10,25,80,1200,500,300,150,300,40,https://www.technion.ac.il/en,1,1,1,1,1,1,1,1,1,1,32.7768,35.024,Asia
AUSTRIA,University of Innsbruck,223,1500,17,55,92,1000,400,250,150,200,40,https://www.uibk.ac.at,1,1,1,1,1,1,1,1,1,1,47.2644,11.3437,Europe
UNITED STATES,University of Miami,247,45000,13,33,60,1200,700,250,150,500,50,https://www.miami.edu,1,1,1,1,1,1,1,1,1,1,25.7215,-80.2781,Northern America
SPAIN,Autonomous University of Madrid,250,3000,10,45,75,900,400,200,100,250,40,https://www.uam.es,1,1,1,1,1,1,1,1,1,1,40.5463,-3.6961,Europe
JAPAN,Tokyo Medical and Dental University,251,6000,12,40,90,1500,700,300,150,400,60,https://www.tmd.ac.jp,1,1,1,1,1,1,1,1,1,1,35.7043,139.765,Asia
GERMANY,University of Stuttgart,252,1500,20,60,85,1000,500,250,120,300,50,https://www.uni-stuttgart.de,1,1,1,1,1,1,1,1,1,1,48.7816,9.172,Europe
CANADA,York University,253,25000,30,27,88,1500,800,300,150,400,60,https://www.yorku.ca,1,1,1,1,1,1,1,1,1,1,43.7748,-79.5015,Northern America
CHINA,Nankai University,254,4500,8,50,80,800,300,150,80,200,30,https://www.nankai.edu.cn,1,1,1,1,1,1,1,1,1,1,39.1089,117.174,Asia
ITALY,University of Pavia,255,3500,15,55,77,1000,450,200,100,250,40,https://web.unipv.it,1,1,1,1,1,1,1,1,1,1,45.1881,9.1569,Europe
SWEDEN,Umea University,256,9000,11,60,92,1200,500,250,150,300,50,https://www.umu.se,1,1,1,1,1,1,1,1,1,1,63.821,20.3053,Europe
UNITED STATES,University of Delaware,257,30000,9,66,70,1200,600,250,150,500,50,https://www.udel.edu,1,1,1,1,1,0,0,1,1,1,39.6824,-75.754,Northern America
UNITED STATES,University of Kansas,258,28000,7,93,65,1100,550,220,130,450,45,https://www.ku.edu,1,1,1,1,1,1,1,1,1,1,38.9544,-95.2558,Northern America
UNITED STATES,University of Nebraska Lincoln,259,25000,8,78,72,1100,500,200,100,400,50,https://www.unl.edu,1,1,1,1,1,0,0,1,1,1,40.8206,-96.7056,Northern America
UNITED STATES,University of Oklahoma,260,24000,6,80,68,1000,450,200,100,400,45,https://www.ou.edu,1,1,1,1,1,1,0,1,1,1,35.2058,-97.4457,Northern America
UNITED STATES,University of South Carolina,259,30000,9,68,70,1200,600,250,150,500,50,https://sc.edu,1,1,1,1,1,1,0,1,1,1,33.9966,-81.0272,Northern America
UNITED STATES,University of Tennessee,260,31000,7,79,65,1100,550,220,130,450,45,https://www.utk.edu,1,1,1,1,1,0,0,1,1,1,35.9543,-83.9294,Northern America
UNITED STATES,University of Utah,261,29000,8,62,75,1200,600,250,150,500,50,https://www.utah.edu,1,1,1,1,1,1,1,1,1,1,40.7645,-111.8422,Northern America
UNITED STATES,University of Iowa,262,28000,7,83,68,1100,550,220,130,450,45,https://uiowa.edu,1,1,1,1,1,1,1,1,1,1,41.6611,-91.5302,Northern America
UNITED STATES,University of Oregon,263,32000,9,83,72,1200,600,250,150,500,50,https://www.uoregon.edu,1,1,1,1,1,1,0,1,1,1,44.0521,-123.0867,Northern America
UNITED STATES,University of New Mexico,267,27000,5,96,68,1000,500,200,120,400,40,https://www.unm.edu,1,1,1,1,1,1,1,1,1,1,35.085,-106.605,Northern America
UNITED KINGDOM,University of Bath,280,19000,32,20,83,1300,600,250,120,250,60,https://www.bath.ac.uk,1,1,1,1,1,1,0,1,1,1,51.381,-2.361,Europe
AUSTRALIA,Macquarie University,282,25000,27,40,85,2200,900,350,200,400,100,https://www.mq.edu.au,1,1,1,1,1,1,0,1,1,1,-33.7739,151.1117,Oceania
FRANCE,Universite Paris Saclay,283,2770,23,15,79,1400,600,250,150,300,70,https://www.universite-paris-saclay.fr,1,1,1,1,1,0,0,1,1,1,48.7095,2.1691,Europe
SOUTH KOREA,Kyung Hee University,284,8000,11,37,87,1000,400,250,150,200,50,https://www.khu.ac.kr,1,1,1,1,1,1,1,1,1,1,37.3982,127.1082,
SOUTH KOREA,Hanyang University,285,8500,12,40,86,1000,400,250,150,200,50,https://www.hanyang.ac.kr,1,1,1,1,1,1,1,1,1,1,37.5665,127.0457,
SPAIN,University of Valencia,286,3000,10,65,85,1200,500,250,150,250,60,https://www.uv.es,1,1,1,1,1,1,1,1,1,1,39.485,-0.4943,Europe
JAPAN,Tokyo University of Science,289,10000,8,45,90,1500,700,300,150,300,70,https://www.tus.ac.jp,1,1,0,0,1,0,0,1,0,1,35.7172,139.7778,Asia
ITALY,University of Naples Federico II,290,2000,5,55,72,1100,500,250,150,200,50,https://www.unina.it,1,1,1,0,1,1,1,1,1,1,40.853,14.2681,Europe
UNITED KINGDOM,University of Hull,292,15000,14,79,82,1300,500,250,150,300,60,https://www.hull.ac.uk,1,1,1,1,1,1,0,1,1,1,53.767,-0.327,Europe
BRAZIL,Federal University of Rio de Janeiro,298,500,3,70,50,700,250,200,100,100,30,https://ufrj.br,1,1,1,1,1,1,1,1,1,1,-22.861,-43.2296,Southern America
PORTUGAL,University of Coimbra,299,2500,15,50,88,900,400,200,150,200,40,https://www.uc.pt,1,1,1,1,1,1,1,1,1,1,40.2074,-8.4265,Europe
MEXICO,Monterrey Institute of Technology,300,12000,5,40,65,900,350,200,150,200,50,https://tec.mx,1,1,1,1,1,1,0,1,1,1,25.643,-100.3136,Southern America
ISRAEL,Bar-Ilan University,301,4000,8,50,75,1200,600,300,150,250,60,https://www.biu.ac.il,1,1,1,1,1,1,0,1,0,1,32.0739,34.9025,Asia
GREECE,University of Crete,302,1000,7,60,85,800,300,200,100,150,40,https://www.uoc.gr,1,1,1,1,1,0,1,1,0,1,35.34,25.133,Europe
UNITED KINGDOM,University of East Anglia,305,18000,23,79,85,1400,600,300,150,300,50,https://www.uea.ac.uk,1,1,1,1,1,1,0,1,1,1,52.6244,1.2903,Europe
IRELAND,University of Limerick,308,12000,13,70,87,1200,500,250,150,300,50,https://www.ul.ie,1,1,1,1,1,0,0,1,1,1,52.6691,-8.6263,Europe
TURKEY,Hacettepe University,309,1500,4,40,65,600,250,150,100,100,30,https://www.hacettepe.edu.tr,1,1,1,1,1,0,1,1,1,1,39.8723,32.6484,Asia
CHILE,Pontifical Catholic University of Valparaiso,311,4500,4,45,60,700,300,200,100,150,35,https://www.pucv.cl,1,1,1,1,1,1,0,1,1,1,-33.0324,-71.6029,Southern America
NEW ZEALAND,Massey University,313,22000,18,65,90,1500,600,300,150,400,60,https://www.massey.ac.nz,1,1,1,1,1,0,0,1,1,1,-40.3669,175.6115,Oceania
UNITED KINGDOM,University of Salford,315,14500,20,75,82,1300,500,300,150,300,50,https://www.salford.ac.uk,1,1,1,1,1,1,0,1,1,1,53.48,-2.2961,Europe
ITALY,University of Siena,316,2000,8,60,85,1000,400,250,150,200,40,https://www.unisi.it,1,1,1,1,1,1,1,1,1,1,43.3185,11.3307,Europe
SPAIN,University of Zaragoza,317,1500,7,70,88,900,350,250,150,200,40,https://www.unizar.es,1,1,1,1,1,1,1,1,1,1,41.6488,-0.8891,Europe
UNITED KINGDOM,University of Aberdeen,351,17500,25,78,85,1400,600,300,150,300,50,https://www.abdn.ac.uk,1,1,1,1,1,1,1,1,1,1,57.1655,-2.0999,Europe
GERMANY,University of Duisburg-Essen,353,1500,14,70,88,1000,400,250,150,200,50,https://www.uni-due.de,1,1,1,1,1,1,1,1,0,1,51.4582,6.7746,Europe
ITALY,University of Turin,356,2800,9,65,83,1000,400,250,150,200,40,https://www.unito.it,1,1,1,1,1,1,1,1,1,1,45.0621,7.6629,Europe
AUSTRIA,University of Graz,364,1500,15,65,86,1100,450,300,150,200,50,https://www.uni-graz.at,1,1,1,1,1,1,1,1,0,1,47.0805,15.4486,Europe
ITALY,University of Padua,365,2800,10,70,83,1000,400,250,150,200,40,https://www.unipd.it,1,1,1,1,1,1,1,1,1,1,45.4064,11.8768,Europe
PORTUGAL,University of Lisbon,368,3000,10,65,88,1000,400,250,150,150,45,https://www.ulisboa.pt,1,1,1,1,1,1,1,1,1,1,38.7527,-9.1576,Europe
CANADA,University of Victoria,369,16000,18,64,87,1500,600,300,200,400,60,https://www.uvic.ca,1,1,1,1,1,1,0,1,1,1,48.4634,-123.3117,Northern America
ITALY,University of Trento,372,2500,11,68,85,1000,400,250,150,150,40,https://www.unitn.it,1,1,1,1,1,1,0,1,1,1,46.0694,11.1211,Europe
HUNGARY,University of Szeged,375,2500,14,74,83,800,350,200,120,150,30,https://u-szeged.hu,1,1,1,1,1,1,1,1,1,1,46.253,20.1482,Europe
AUSTRALIA,University of Tasmania,377,22000,19,75,88,1600,650,300,200,400,60,https://www.utas.edu.au,1,1,1,1,1,1,1,1,1,1,-42.9036,147.3272,Oceania
CANADA,University of Manitoba,378,14000,15,52,85,1400,600,300,150,350,55,https://umanitoba.ca,1,1,1,1,1,1,1,1,1,1,49.8072,-97.1325,Northern America
FRANCE,University of Montpellier,381,3000,12,70,86,1200,500,250,150,200,40,https://www.umontpellier.fr,1,1,1,1,1,1,1,1,1,1,43.6337,3.8612,Europe
AUSTRALIA,University of Wollongong,383,24000,25,75,90,1800,750,350,200,400,65,https://www.uow.edu.au,1,1,1,1,1,1,1,1,1,1,-34.4065,150.8785,Oceania
CANADA,University of Guelph,384,18000,14,66,88,1500,600,300,150,300,50,https://www.uoguelph.ca,1,1,1,1,1,0,0,1,1,1,43.5346,-80.232,Northern America
FINLAND,University of Oulu,385,10000,16,60,93,1300,500,250,150,200,50,https://www.oulu.fi,1,1,1,1,1,0,1,1,1,1,65.0121,25.4651,Europe
UNITED STATES,University of South Florida,386,22000,8,49,77,1700,700,350,200,450,60,https://www.usf.edu,1,1,1,1,1,1,1,1,1,1,27.9478,-82.4572,Northern America
UNITED STATES,University of Alabama at Birmingham,391,24000,5,81,75,1500,650,300,180,400,50,https://www.uab.edu,1,1,1,1,1,1,1,1,1,1,33.5024,-86.8063,Northern America
UNITED STATES,University of Arkansas,392,23000,4,77,76,1400,600,280,160,380,55,https://www.uark.edu,1,1,1,1,1,1,0,1,1,1,36.0687,-94.1732,Northern America
NEW ZEALAND,University of Canterbury,393,21000,18,70,89,1700,750,350,200,300,60,https://www.canterbury.ac.nz,1,1,1,1,1,1,0,1,1,1,-43.5231,172.5838,Oceania
UNITED STATES,University of Georgia,394,28000,7,48,79,1600,650,300,180,450,60,https://www.uga.edu,1,1,1,1,1,1,0,1,1,1,33.9519,-83.373,Northern America
UNITED STATES,University of Houston,395,25000,8,63,74,1600,650,320,170,400,55,https://www.uh.edu,1,1,1,1,1,1,0,1,1,1,29.7199,-95.3422,Northern America
UNITED KINGDOM,University of Leicester,397,18000,21,72,84,1400,600,270,170,300,55,https://le.ac.uk,1,1,1,1,1,1,1,1,1,1,52.62,-1.1265,Europe
UNITED STATES,University of Louisville,398,25000,4,69,76,1500,650,300,180,400,55,https://louisville.edu,1,1,1,1,1,1,1,1,1,1,38.2161,-85.7585,Northern America
UNITED STATES,University of Rochester,463,55000,27,30,72,1800,800,350,200,600,65,https://www.rochester.edu,1,1,1,1,1,0,1,1,1,1,43.1573,-77.6158,Northern America
UNITED STATES,University of Southern California,465,60000,23,13,65,2200,1200,350,250,600,70,https://www.usc.edu,1,1,1,1,1,1,1,1,1,1,34.0224,-118.2851,Northern America
FRANCE,University of Strasbourg,467,500,20,70,85,1100,450,250,140,200,45,https://www.unistra.fr,1,1,1,1,1,1,1,1,1,1,48.5846,7.7507,Europe
UNITED KINGDOM,University of Surrey,468,19000,35,60,82,1600,650,300,160,300,55,https://www.surrey.ac.uk,1,1,1,1,1,1,0,1,1,1,51.2426,-0.5905,Europe
UNITED KINGDOM,University of Sussex,469,20000,36,58,83,1600,700,320,170,300,60,https://www.sussex.ac.uk,1,1,1,1,1,1,0,1,1,1,50.867,-0.087,Europe
UNITED STATES,University of Texas at Austin,474,40000,10,32,72,1800,900,350,200,400,60,https://www.utexas.edu,1,1,1,1,1,1,1,1,1,1,30.2849,-97.7341,Northern America
UNITED STATES,University of Texas at Dallas,475,36000,18,79,75,1600,750,320,180,400,55,https://www.utdallas.edu,1,1,1,1,1,0,0,1,1,1,32.9866,-96.7501,Northern America
UNITED STATES,University of Texas Health Science Center,476,45000,5,20,70,1900,950,370,220,500,65,https://www.uth.edu,0,0,0,1,1,0,1,0,0,0,29.7108,-95.4013,Northern America
UNITED STATES,University of Texas Medical Branch,477,42000,4,21,73,1800,880,350,190,500,60,https://www.utmb.edu,0,0,0,1,1,0,1,0,0,0,29.3104,-94.7703,Northern America
UNITED STATES,University of Texas Southwestern Medical Center,478,43000,3,15,74,2000,1000,380,230,500,65,https://www.utsouthwestern.edu,0,0,0,1,1,0,1,0,0,0,32.8176,-96.8451,Northern America
UNITED STATES,University of Virginia,485,42000,11,24,78,1900,900,370,210,450,70,https://www.virginia.edu,1,1,1,1,1,1,0,1,1,1,38.0336,-78.508,Northern America
CANADA,University of Waterloo,488,35000,22,53,86,1700,800,350,190,400,65,https://uwaterloo.ca,1,1,1,1,1,0,0,1,1,1,43.4723,-80.5449,Northern America
AUSTRALIA,University of Western Australia,489,35000,25,63,88,1900,850,370,210,500,70,https://www.uwa.edu.au,1,1,1,1,1,1,1,1,1,1,-31.9797,115.8199,Oceania
UNITED STATES,University of Wisconsin Madison,490,39000,14,57,80,1800,850,360,200,450,65,https://www.wisc.edu,1,1,1,1,1,1,1,1,1,1,43.0766,-89.4125,Northern America
GERMANY,University of Wurzburg,492,1500,14,60,88,1200,550,250,150,200,50,https://www.uni-wuerzburg.de,1,1,1,1,1,1,1,1,1,1,49.789,9.9362,Europe
CROATIA,University of Zagreb,494,2000,5,70,85,900,400,200,100,150,30,https://www.unizg.hr,1,1,1,1,1,1,1,1,1,1,45.815,15.9819,Europe
SWEDEN,Uppsala University,496,10000,12,75,92,1500,700,300,180,300,60,https://www.uu.se,1,1,1,1,1,1,1,1,1,1,59.8586,17.6389,Europe
UNITED STATES,Vanderbilt University,498,53000,10,11,75,2200,1200,400,250,500,80,https://www.vanderbilt.edu,1,1,1,1,1,1,1,1,1,1,36.1447,-86.8027,Northern America
UNITED STATES,Virginia Commonwealth University,500,36000,9,87,72,1800,900,350,190,450,65,https://www.vcu.edu,1,1,1,1,1,1,1,1,1,1,37.5483,-77.452,Northern America
GERMANY,University of Bremen,531,0,13,55,82,900,400,250,100,300,40,https://www.uni-bremen.de,1,1,1,1,1,1,0,1,1,1,53.1068,8.8546,Europe
UNITED STATES,University of Connecticut,535,32000,9,56,72,1300,700,300,150,500,70,https://www.uconn.edu,1,1,1,1,1,1,0,1,1,1,41.8084,-72.2495,Northern America
UNITED STATES,University of Kentucky,542,10000,6,96,76,1100,500,250,90,350,60,https://www.uky.edu,1,1,1,1,1,1,0,1,1,1,38.0317,-84.5037,Northern America
SWITZERLAND,University of Lausanne,543,1200,38,41,92,1800,800,400,200,500,80,https://www.unil.ch,1,1,1,1,1,1,1,1,1,1,46.5191,6.6332,Europe
SLOVENIA,University of Ljubljana,545,3000,8,60,85,800,400,150,100,250,30,https://www.uni-lj.si,1,1,1,1,1,1,0,1,1,1,46.05,14.505,Europe
UNITED STATES,University of Nebraska Medical Center,549,32000,7,40,72,1500,600,250,150,600,70,https://www.unmc.edu,0,0,0,1,1,0,1,0,0,0,41.2568,-95.9775,Northern America
UNITED STATES,"University of Nevada, Reno",550,22000,5,88,70,1400,550,250,120,500,60,https://www.unr.edu,1,1,1,1,1,0,0,1,1,1,39.5443,-119.8164,Northern America
UNITED STATES,University of New Hampshire,551,34000,4,85,75,1600,650,300,150,600,70,https://www.unh.edu,1,1,1,1,1,0,0,1,1,1,43.1332,-70.9324,Northern America
UNITED STATES,University of Notre Dame,552,50000,11,19,80,2000,800,350,200,700,80,https://www.nd.edu,1,1,1,1,1,0,0,1,1,1,41.7056,-86.2353,Northern America
UNITED STATES,University of Oklahoma Health Sciences Center,553,30000,5,65,73,1300,550,250,100,500,60,https://www.ouhsc.edu,0,0,0,1,1,0,1,0,0,0,35.4772,-97.5087,Northern America
UNITED STATES,University of Texas at Arlington,560,27000,12,78,72,1600,700,250,150,600,80,https://www.uta.edu,1,1,1,1,1,0,0,1,1,1,32.731,-97.1148,Northern America
GERMANY,University of Tubingen,568,1500,16,28,84,1200,500,200,100,350,60,https://www.uni-tuebingen.de,1,1,1,1,1,1,1,1,1,1,48.5216,9.0577,Europe
UNITED STATES,University of Vermont,570,37000,5,67,83,1700,800,300,120,450,70,https://www.uvm.edu,1,1,1,1,1,0,1,1,1,1,44.4766,-73.1952,Northern America
NETHERLANDS,Vrije Universiteit Amsterdam,587,12000,20,25,88,1500,800,250,150,400,60,https://vu.nl,1,1,1,1,1,1,1,1,1,1,52.3347,4.8661,Europe
BELGIUM,Vrije Universiteit Brussel,588,3000,21,31,85,1400,700,250,140,350,50,https://www.vub.be,1,1,1,1,1,1,1,1,1,1,50.8211,4.3952,Europe
UNITED STATES,Wake Forest University,589,55000,8,29,78,1700,850,320,150,500,70,https://www.wfu.edu,1,1,1,1,1,0,0,1,1,1,36.1352,-80.2781,Northern America
UNITED STATES,Washington State University,590,26000,7,76,80,1500,700,280,120,450,60,https://wsu.edu,1,1,1,1,1,0,0,1,1,1,46.731,-117.1542,Northern America
UNITED STATES,Washington University in St. Louis,591,58000,15,16,75,1800,900,350,150,500,70,https://wustl.edu,1,1,1,1,1,1,1,1,1,1,38.6488,-90.3108,Northern America
UNITED STATES,Wayne State University,592,30000,5,73,72,1600,750,290,120,450,65,https://wayne.edu,1,1,1,1,1,1,1,1,1,1,42.3589,-83.0707,Northern America
ISRAEL,Weizmann Institute of Science,593,18000,14,12,70,1400,600,250,100,300,50,https://www.weizmann.ac.il,0,0,0,0,1,0,0,1,0,1,31.9077,34.8096,Asia
UNITED STATES,West Virginia University,593,22000,5,83,72,1100,500,250,150,400,60,https://www.wvu.edu,1,1,1,1,1,0,1,1,1,1,39.635,-79.9542,Northern America
CANADA,Western University,594,20000,12,58,85,1400,600,300,150,300,70,https://www.uwo.ca,1,1,1,1,1,1,1,1,1,1,43.0087,-81.2775,Northern America
UNITED STATES,William & Mary,595,23000,6,38,80,1300,600,280,170,400,65,https://www.wm.edu,1,1,1,1,1,1,0,1,1,1,37.2707,-76.7173,Northern America
UNITED STATES,Worcester Polytechnic Institute,596,46000,8,59,77,1500,700,300,180,500,70,https://www.wpi.edu,1,1,0,0,1,0,0,1,0,1,42.2749,-71.8063,Northern America
UNITED STATES,Wright State University,597,19000,5,96,75,1000,450,250,140,350,55,https://www.wright.edu,1,1,1,1,1,0,1,1,1,1,39.7798,-84.0601,Northern America
CHINA,Wuhan University,598,4000,7,75,82,600,250,120,100,100,20,https://www.whu.edu.cn,1,1,1,1,1,1,1,1,1,1,30.5479,114.3727,Asia
CHINA,Xiamen University,599,4500,6,80,84,650,300,150,110,120,25,https://www.xmu.edu.cn,1,1,1,1,1,1,1,1,1,1,24.4414,118.0889,Asia
UNITED STATES,Yale University,600,55000,21,6,86,2000,900,400,250,600,80,https://www.yale.edu,1,1,1,1,1,1,1,1,1,1,41.3163,-72.9223,Northern America
CHINA,Xidian University,601,3500,5,45,75,600,250,120,80,200,20,https://en.xidian.edu.cn,1,1,0,0,1,0,0,1,0,1,34.2322,108.9153,Asia
FRANCE,University of Cote dAzur,602,300,12,50,80,1000,500,250,150,300,40,https://univ-cotedazur.eu,1,1,1,1,1,1,0,1,1,1,43.7078,7.2683,Europe
FINLAND,Tampere University,603,6000,10,47,88,1100,450,250,100,250,50,https://www.tuni.fi,1,1,1,1,1,0,0,1,1,1,61.4936,23.7551,Europe
UNITED STATES,Thomas Jefferson University,604,35000,8,58,65,1800,800,300,200,800,70,https://www.jefferson.edu,0,1,0,1,1,0,1,0,1,0,39.95,-75.1573,Northern America
GERMANY,University of Regensburg,605,0,15,60,85,900,400,200,100,300,50,https://www.uni-regensburg.de,1,1,1,1,1,1,1,1,1,1,49.0134,12.1016,Europe
UNITED STATES,Tulane University,607,50000,10,13,60,2000,900,350,250,900,100,https://tulane.edu,1,1,1,1,1,1,1,1,1,1,29.939,-90.12,Northern America
CHINA,Fuzhou University,608,3000,3,70,73,500,200,100,70,150,20,https://www.fzu.edu.cn,1,1,0,0,1,0,0,1,0,1,26.0789,119.2099,Asia
UNITED STATES,University of Central Florida,602,22500,4,45,60,1600,1000,300,150,800,70,https://www.ucf.edu,1,1,1,1,1,0,1,1,1,1,28.6024,-81.2001,Northern America
SOUTH KOREA,Ulsan National Institute of Science and Technology,603,3500,12,20,88,800,400,200,100,300,40,https://unist.ac.kr,1,1,0,0,1,0,0,1,0,1,35.538,129.264,
UNITED STATES,University of Texas Health Science Center at San Antonio,604,22000,3,15,60,1400,900,300,150,1200,60,https://www.uthscsa.edu,0,0,0,0,1,0,1,0,0,0,29.506,-98.5755,Northern America
AUSTRALIA,Western Sydney University,606,20000,15,30,85,1800,1000,350,200,500,100,https://www.westernsydney.edu.au,1,1,1,1,1,1,0,1,1,1,-33.885,150.9921,Oceania
FINLAND,University of Eastern Finland,607,10000,9,40,90,1200,600,250,100,400,60,https://www.uef.fi,1,1,1,1,1,0,1,1,1,1,62.6,29.75,Europe
CHINA,Jiangnan University,608,3500,5,45,75,600,250,150,80,200,30,https://www.jiangnan.edu.cn,1,1,1,0,1,0,0,1,1,1,31.5526,120.309,Asia
CHINA,Qingdao University,609,3200,4,50,77,600,250,150,70,180,25,https://www.qdu.edu.cn,1,1,1,0,1,0,1,1,1,1,36.062,120.3735,Asia
UNITED STATES,University of Alabama - Tuscaloosa,610,31000,4,80,60,1600,900,350,150,600,70,https://www.ua.edu,1,1,1,1,1,1,0,1,1,1,33.2125,-87.5458,Northern America
UNITED STATES,Syracuse University,612,46000,19,69,60,1900,1100,350,150,600,70,https://www.syr.edu,1,1,1,1,1,1,0,1,1,1,43.0379,-76.1318,Northern America
CHINA,Guangdong University of Technology,613,3000,4,55,76,600,250,150,70,180,30,https://www.gdut.edu.cn,1,1,1,0,1,0,0,1,1,1,23.02,113.23,Asia
ITALY,University of Trieste,614,2000,7,60,82,1000,500,250,100,300,35,https://www.units.it,1,1,1,1,1,1,1,1,1,1,45.6495,13.7768,Europe
UNITED STATES,Rush University,615,45000,6,37,58,2200,1300,400,200,800,100,https://www.rush.edu,0,0,0,1,1,0,1,0,0,0,41.8745,-87.6696,Northern America
UNITED KINGDOM,University of Strathclyde,616,20000,24,42,75,1600,800,300,120,300,70,https://www.strath.ac.uk,1,1,1,1,1,1,0,1,1,1,55.8611,-4.2443,Europe
SPAIN,University of Santiago de Compostela,618,1800,5,60,82,900,400,250,100,250,35,https://www.usc.es,1,1,1,1,1,1,1,1,1,1,42.8763,-8.5544,Europe
UNITED STATES,Lehigh University,619,50000,9,32,72,2100,1200,400,150,700,100,https://www.lehigh.edu,1,1,1,1,1,0,0,1,1,1,40.6078,-75.3805,Northern America
UNITED STATES,Florida International University,620,18500,8,58,64,2000,1200,400,150,600,100,https://www.fiu.edu,1,1,1,1,1,1,1,1,1,1,25.7574,-80.3742,Northern America
INDIA,Indian Institute of Science,623,5000,1,15,55,600,200,150,50,100,20,https://www.iisc.ac.in,1,0,0,0,1,0,0,1,0,1,13.0212,77.5668,Asia
ITALY,University of Catania,624,2000,5,70,75,1000,400,250,80,300,50,https://www.unict.it,1,1,1,1,1,1,1,1,1,1,37.5251,15.0816,Europe
UNITED STATES,Kansas State University,625,24000,5,94,70,1500,800,350,100,600,70,https://www.k-state.edu,1,1,1,1,1,0,0,1,1,1,39.1922,-96.5827,Northern America
CHINA,North China Electric Power University,626,4000,2,50,70,600,300,150,60,150,25,https://english.ncepu.edu.cn,1,0,0,0,0,0,0,1,0,1,40.1518,116.2863,Asia
UNITED STATES,University of Tennessee Health Science Center,627,34000,3,40,68,1600,800,400,100,700,80,https://www.uthsc.edu,0,0,0,0,1,0,1,0,0,0,35.1391,-90.0304,Northern America
GERMANY,University of Potsdam,628,3000,13,70,85,1200,500,250,90,300,50,https://www.uni-potsdam.de,1,1,1,1,1,1,0,1,1,1,52.401,13.0104,Europe
TAIWAN,"China Medical University, Taiwan",629,10000,5,45,78,800,300,200,70,200,40,https://english.cmu.edu.tw,0,0,0,0,1,0,1,0,0,0,24.1515,120.6838,Asia
CHINA,Ocean University of China,631,4500,10,80,75,600,250,100,50,150,20,https://english.ouc.edu.cn,1,1,0,0,1,0,0,1,0,1,36.0649,120.3289,Asia
CHINA,Beijing Jiaotong University,632,4000,5,70,72,500,200,100,60,150,40,https://english.bjtu.edu.cn,1,1,0,0,0,0,0,1,0,1,39.9512,116.3524,Asia
UNITED STATES,University of Hawaii at Manoa,633,34000,7,83,75,2000,1100,400,150,1200,100,https://manoa.hawaii.edu,1,1,1,1,1,1,1,1,1,1,21.2971,-157.8174,Northern America
EGYPT,Cairo University,635,3500,5,85,65,600,250,150,50,200,30,https://www.cu.edu.eg,1,1,1,1,1,1,1,1,1,1,30.0277,31.2107,Africa
CHINA,Nanchang University,638,3000,5,80,70,500,250,150,40,150,20,http://www.ncu.edu.cn,1,1,0,0,1,0,0,1,0,1,28.6837,115.8532,Asia
CHINA,Renmin University of China,639,5000,3,50,78,650,300,150,50,200,30,https://www.ruc.edu.cn,1,1,1,1,1,1,1,1,1,1,39.9673,116.3655,Asia
UNITED STATES,Baylor University,640,40000,5,68,80,1200,600,250,100,1000,50,https://www.baylor.edu,1,1,1,1,1,1,1,1,1,1,31.5493,-97.1147,Northern America
PORTUGAL,NOVA University of Lisbon,641,7000,20,85,85,1200,600,250,100,300,50,https://www.unl.pt,1,1,1,1,1,1,1,1,1,1,38.7071,-9.1572,Europe
AUSTRALIA,James Cook University,642,20000,22,80,75,1500,700,300,120,500,60,https://www.jcu.edu.au,1,1,1,1,1,1,1,1,1,1,-19.3312,146.7586,Oceania
GERMANY,Technical University of Darmstadt,643,1500,25,60,85,1000,500,200,80,200,40,https://www.tu-darmstadt.de,1,1,1,1,1,1,0,1,0,1,49.8771,8.6568,Europe
SPAIN,Polytechnic University of Valencia,644,2000,15,70,75,800,350,150,70,150,50,https://www.upv.es,1,1,1,0,1,0,0,1,1,1,39.4812,-0.3406,Europe
RUSSIA,Moscow Institute of Physics and Technology,645,4000,10,50,80,600,250,150,60,200,40,https://mipt.ru/english,1,1,1,0,1,0,0,1,0,1,55.9304,37.5189,Europe
CHINA,Zhejiang University of Technology,646,4000,12,85,70,600,300,150,40,200,30,https://www.zjut.edu.cn,1,1,0,0,1,0,0,1,0,1,30.3092,120.3688,Asia
UNITED STATES,Boston College,647,45000,9,27,85,1500,800,300,100,1200,80,https://www.bc.edu,1,1,1,1,1,1,1,1,1,1,42.3356,-71.1685,Northern America
FRANCE,Ecole normale superieure de Lyon,648,10000,12,40,90,1200,600,250,90,400,50,https://www.ens-lyon.fr,1,1,1,1,1,1,0,1,1,1,45.7299,4.821,Europe
THAILAND,Mahidol University,649,5000,7,70,85,600,250,100,50,200,20,https://www.mahidol.ac.th,1,1,1,1,1,1,1,1,1,1,13.7945,100.3233,Asia
CHINA,University of Macau,651,6000,18,80,90,1000,450,200,70,300,30,https://www.um.edu.mo,1,1,1,1,1,1,1,1,1,1,22.1598,113.5634,Asia
AUSTRALIA,Flinders University,652,20000,25,65,75,1400,700,250,120,500,50,https://www.flinders.edu.au,1,1,1,1,1,1,1,1,1,1,-35.0231,138.5723,Oceania
ITALY,University of Verona,653,1500,15,80,85,800,400,200,70,300,40,https://www.univr.it,1,1,1,1,1,1,1,1,1,1,45.4282,10.9846,Europe
JAPAN,Okayama University,655,6000,20,80,80,1000,450,200,60,200,50,https://www.okayama-u.ac.jp,1,1,1,1,1,0,1,1,0,1,34.6935,133.917,Asia
CHINA,Nanjing Normal University,656,4500,18,85,80,700,300,150,50,150,30,https://www.njnu.edu.cn,1,1,1,1,1,0,0,1,0,1,32.0572,118.7892,Asia
UNITED STATES,University of Colorado Denver,657,30000,15,70,85,1500,750,300,100,1000,70,https://www.ucdenver.edu,1,1,1,1,1,1,1,1,1,1,39.7468,-104.9915,Northern America
ITALY,University of Ferrara,658,1500,20,75,90,800,350,200,60,300,40,https://www.unife.it,1,1,1,1,1,0,1,1,1,1,44.8381,11.6186,Europe
AUSTRALIA,Swinburne University of Technology,659,22000,35,75,85,1200,600,250,90,500,60,https://www.swinburne.edu.au,1,1,1,1,1,1,1,1,1,1,-37.824,145.0364,Oceania
CHINA,China University of Geosciences (Wuhan),661,3500,15,85,75,700,300,150,50,200,40,https://www.cug.edu.cn,1,1,1,1,1,1,1,1,0,1,30.5191,114.3592,Asia
AUSTRALIA,University of South Australia,662,22000,30,80,80,1300,600,250,100,500,60,https://www.unisa.edu.au,1,1,1,1,1,1,1,1,1,1,-34.9204,138.599,Oceania
CHINA,Beijing University of Technology,663,4000,20,80,75,600,300,100,40,150,30,https://www.bjut.edu.cn,1,1,1,1,1,1,0,1,0,1,39.8675,116.4834,Asia
IRELAND,University College Cork,664,14000,15,80,90,1000,500,250,90,350,50,https://www.ucc.ie,1,1,1,1,1,1,1,1,1,1,51.8936,-8.4934,Europe
ITALY,University of Modena and Reggio Emilia,665,2000,15,85,85,800,350,200,70,300,40,https://www.unimore.it,1,1,1,1,1,1,1,1,1,1,44.6461,10.9252,Europe
UNITED STATES,Georgia State University,667,27000,10,70,75,1400,800,300,100,1000,80,https://www.gsu.edu,1,1,1,1,1,1,1,1,1,1,33.7531,-84.3863,Northern America
CHINA,Hefei University of Technology,668,3000,12,80,75,600,250,100,50,200,40,https://www.hfut.edu.cn,1,1,1,1,1,0,0,1,0,1,31.8392,117.2571,Asia
CHINA,Yangzhou University,801,2000,4,40,78,500,200,120,80,100,20,https://www.yzu.edu.cn,1,1,1,0,1,0,1,1,1,1,32.3942,119.4277,Asia
SPAIN,Polytechnic University of Madrid,601,3500,7,35,85,1000,500,250,100,200,45,https://www.upm.es,1,1,0,0,0,0,0,1,1,1,40.4409,-3.726,Europe
CHINA,Southwest Jiaotong University,801,2500,3,45,76,600,250,130,90,120,25,https://www.swjtu.edu.cn,1,0,0,0,1,0,0,1,1,1,30.7549,103.9317,Asia
RUSSIA,Novosibirsk State University,228,3000,22,30,72,400,180,100,70,150,15,https://english.nsu.ru,1,1,1,0,1,0,0,1,0,1,54.8496,83.0934,Europe
ITALY,Bocconi University,650,14000,25,38,83,1500,800,300,150,250,50,https://www.unibocconi.eu,0,1,1,0,0,1,0,1,0,0,45.4487,9.188,Europe
UNITED STATES,Auburn University,721,29000,7,85,72,1800,850,300,150,400,60,https://www.auburn.edu,1,1,1,1,1,0,0,1,1,1,32.601,-85.4828,Northern America
GERMANY,University of Konstanz,501,1500,13,36,85,1200,500,250,100,300,50,https://www.uni-konstanz.de,1,1,1,1,1,1,0,1,1,1,47.6912,9.1861,Europe
GERMANY,University of Rostock,801,1500,12,50,83,1100,450,230,90,280,45,https://www.uni-rostock.de,1,1,1,1,1,0,1,1,0,1,54.0914,12.1001,Europe
SPAIN,Rovira i Virgili University,801,2000,10,60,78,900,400,200,80,250,40,https://www.urv.cat,1,1,1,1,1,0,1,1,1,1,41.1167,1.2481,Europe
AUSTRIA,Medical University of Innsbruck,601,1500,9,45,90,1500,650,300,120,350,60,https://www.i-med.ac.at,0,0,0,1,1,0,1,0,0,1,47.2644,11.343,Europe
GERMANY,Technical University of Dortmund,801,1500,10,55,83,850,400,250,100,120,50,https://www.tu-dortmund.de,1,1,1,0,0,0,0,1,0,1,51.4923,7.4145,Europe
AUSTRIA,Medical University of Graz,601,1500,13,35,85,1000,500,250,150,300,50,https://www.medunigraz.at,0,0,0,1,1,0,1,0,0,0,47.0739,15.4355,Europe
UNITED STATES,Mayo Clinic College of Medicine and Science,150,54600,5,2,70,2000,1000,400,300,2000,100,https://college.mayo.edu,0,0,0,0,1,0,1,0,0,0,44.0217,-92.4666,Northern America
CANADA,Carleton University,601,20000,22,21,85,1200,600,235,135,335,60,https://carleton.ca,1,1,1,1,1,1,0,1,1,1,45.3876,-75.696,Northern America
RUSSIA,Saint Petersburg University,601,4000,14,40,72,600,250,150,100,200,25,https://english.spbu.ru,1,1,1,1,1,1,1,1,1,1,59.9391,30.3006,Europe
GERMANY,Leibniz University Hannover,701,1500,12,50,85,850,400,250,100,120,50,https://www.uni-hannover.de,1,1,1,0,1,0,0,1,0,1,52.3818,9.7217,Europe
JAPAN,Hitotsubashi University,751,3325,15,30,90,930,435,185,125,185,30,https://www.hit-u.ac.jp,0,1,1,0,0,1,0,1,0,0,35.6895,139.5405,Asia
CHINA,Donghua University,702,3400,10,45,72,430,180,80,40,200,30,https://english.dhu.edu.cn,1,1,1,0,0,0,0,1,1,0,31.2195,121.417,Asia
UNITED STATES,Antioch College,703,31150,3,80,65,1365,600,250,150,500,60,https://antiochcollege.edu,0,1,1,1,1,0,0,1,1,0,39.8033,-83.8908,Northern America
UNITED STATES,Oklahoma State University,704,20950,6,67,70,1275,500,200,150,400,60,https://go.okstate.edu,1,1,1,1,1,0,0,1,1,1,36.1225,-97.068,Northern America
UNITED STATES,University of Arkansas - Fayetteville,705,18000,4,77,68,1185,480,180,120,350,55,https://www.uark.edu,1,1,1,1,1,0,0,1,1,1,36.0687,-94.176,Northern America
SPAIN,University of Oviedo,706,1200,5,75,80,900,350,150,100,250,45,https://www.uniovi.es,1,1,1,1,1,1,1,1,1,1,43.3623,-5.8496,Europe
UNITED KINGDOM,Swansea University,707,18400,22,82,78,1150,600,200,150,300,50,https://www.swansea.ac.uk,1,1,1,1,1,1,0,1,1,1,51.6096,-3.9804,Europe
CHINA,Tianjin Medical University,708,4000,9,50,72,500,200,90,50,220,25,http://www.tmu.edu.cn,0,0,0,0,1,0,1,0,0,0,39.1075,117.1967,Asia
CHINA,Central China Normal University,710,2800,10,75,75,450,180,80,40,200,25,http://english.ccnu.edu.cn,1,1,1,1,1,0,0,1,1,0,30.5166,114.3499,Asia
UNITED STATES,Clemson University,711,19500,5,61,70,1350,550,200,150,400,60,https://www.clemson.edu,1,1,1,1,1,0,0,1,1,1,34.6767,-82.8369,Northern America
UNITED STATES,Colorado School of Mines,712,37000,8,53,75,1500,700,250,200,450,70,https://www.mines.edu,1,0,1,0,0,0,0,1,0,1,39.7518,-105.2226,Northern America
INDIA,Indian Institute of Technology Madras,715,1800,2,10,65,550,200,100,50,200,20,https://www.iitm.ac.in,1,0,1,0,1,0,0,1,0,1,12.9902,80.2335,Asia
IRAN,Tehran University of Medical Sciences,716,3000,4,30,60,400,150,70,40,200,25,https://www.tums.ac.ir,0,0,0,0,1,0,1,0,0,0,35.6976,51.4238,Asia
CHINA,Guangzhou Medical University,876,4000,5,75,80,600,200,150,50,300,40,https://www.gzhmu.edu.cn,0,0,0,0,1,0,1,0,0,0,23.051,113.2926,Asia
UNITED STATES,Illinois Institute of Technology,450,35000,25,60,70,1200,800,200,100,2500,100,https://www.iit.edu,1,1,0,0,0,0,0,1,0,1,41.8349,-87.627,Northern America
ITALY,University of Palermo,950,1200,10,65,75,800,400,200,50,300,30,https://www.unipa.it,1,0,1,0,0,0,0,0,0,0,38.1125,13.3627,Europe
CHINA,Hohai University,700,3500,8,75,80,550,250,120,60,200,30,https://www.hhu.edu.cn,1,1,1,0,0,0,0,1,0,1,32.0835,118.7789,Asia
CHINA,Naval Medical University,820,4000,5,70,85,600,300,150,50,250,40,http://www.smmu.edu.cn,0,0,0,0,1,0,1,0,0,0,31.2001,121.4452,Asia
UNITED KINGDOM,"Royal Holloway, University of London",400,12000,30,80,75,1500,800,250,120,300,100,https://www.royalholloway.ac.uk,1,1,1,1,0,1,0,1,1,1,51.4249,-0.5616,Europe
CHINA,South China Normal University,850,3200,10,75,80,500,200,100,50,200,30,https://www.scnu.edu.cn,1,1,1,0,0,0,0,1,0,1,23.1479,113.345,Asia
JAPAN,Chiba University,700,4500,6,65,85,600,350,150,60,250,40,https://www.chiba-u.ac.jp,1,0,0,1,0,0,0,1,0,1,35.631,140.1016,Asia
GREECE,National Technical University of Athens,500,1500,12,70,75,800,400,200,50,200,35,https://www.ntua.gr,1,0,0,0,0,0,0,1,0,1,37.975,23.7355,Europe
PORTUGAL,University of Aveiro,650,2500,15,75,80,700,300,150,60,300,40,https://www.ua.pt,1,1,1,0,0,0,0,1,0,1,40.6309,-8.6572,Europe
ITALY,University of Brescia,950,1200,8,60,75,800,400,200,50,300,30,https://www.unibs.it,1,0,0,0,0,0,0,1,0,0,45.5543,10.2312,Europe
JAPAN,Osaka Metropolitan University,700,4000,10,70,85,800,400,200,70,300,40,https://www.osaka-cu.ac.jp,1,0,0,0,1,0,1,1,0,1,34.6058,135.5067,Asia
ITALY,Polytechnic University of Turin,600,2800,20,60,75,900,500,250,80,350,45,https://www.polito.it,1,1,1,0,0,0,0,1,0,1,45.0621,7.6622,Europe
CANADA,University of Sherbrooke,750,3000,15,65,90,1000,600,300,100,400,50,https://www.usherbrooke.ca,1,1,1,0,0,0,0,1,0,1,45.3806,-71.9271,Northern America
FRANCE,University of Burgundy,800,2200,12,70,85,850,400,250,90,300,35,https://www.u-bourgogne.fr,1,0,1,0,0,0,0,1,1,0,47.3152,5.0687,Europe
SWITZERLAND,University of St. Gallen,500,3500,25,40,95,1500,900,400,120,500,60,https://www.unisg.ch,0,1,1,0,0,1,0,0,0,0,47.4231,9.3757,Europe
ICELAND,University of Iceland,550,500,10,90,100,1200,700,300,80,350,50,https://www.hi.is,1,1,0,1,1,0,1,1,0,1,64.1355,-21.8954,Europe
SOUTH KOREA,Ewha Womans University,650,4000,20,50,90,1000,400,250,70,300,40,https://www.ewha.ac.kr,1,1,1,0,1,0,1,0,0,1,37.561,126.9469,
TAIWAN,Chang Gung University,700,3800,15,60,80,750,300,200,60,350,35,https://www.cgu.edu.tw,1,0,1,0,1,0,1,1,0,1,25.0574,121.5439,Asia
CHINA,ShanghaiTech University,400,5000,5,30,75,850,500,250,80,400,45,https://www.shanghaitech.edu.cn,1,0,1,0,1,0,1,1,0,1,31.1765,121.6003,Asia
CHINA,China University of Mining and Technology (Xuzhou),750,3500,10,70,80,600,250,150,50,250,30,https://www.cumt.edu.cn,1,1,1,0,1,0,0,1,0,1,34.2054,117.2789,Asia
INDIA,Tata Institute of Fundamental Research,450,1000,5,25,70,650,300,150,50,200,25,https://www.tifr.res.in,1,0,0,0,1,0,0,1,0,1,19.0176,72.8282,Asia
CHINA,South China Agricultural University,600,3000,12,70,80,500,200,150,40,200,30,https://www.scau.edu.cn,1,1,0,0,1,0,0,1,0,1,23.156,113.3495,Asia
UNITED STATES,San Diego State University,300,8000,25,35,75,1200,600,300,150,600,70,https://www.sdsu.edu,1,1,1,1,1,0,1,1,0,1,32.7756,-117.0713,Northern America
RUSSIA,Joint Institute for Nuclear Research,750,1500,15,40,60,700,350,200,50,250,20,https://www.jinr.ru,1,0,0,0,0,0,0,1,0,1,56.7435,37.2146,Europe
UNITED KINGDOM,Brunel University London,700,6500,30,50,85,1200,650,300,120,400,50,https://www.brunel.ac.uk,1,1,1,1,0,1,0,1,0,1,51.5321,-0.4691,Europe
UNITED KINGDOM,Loughborough University,600,7000,25,45,80,1100,600,250,120,500,60,https://www.lboro.ac.uk,1,1,1,0,1,0,0,1,0,1,52.7653,-1.2264,Europe
FRANCE,Gustave Eiffel University,800,2000,10,55,85,950,500,250,70,300,50,https://www.u-ge.fr,1,1,0,0,0,0,0,1,0,1,48.8406,2.5848,Europe
CHINA,National University of Defense Technology,600,2500,5,35,80,600,300,150,40,200,30,https://www.udn.edu.cn,1,0,1,0,1,0,0,1,0,1,28.1987,112.9454,Asia
INDIA,Indian Institute of Technology Delhi,170,6000,10,2,70,700,350,150,80,150,50,https://www.iitd.ac.in,1,0,1,0,0,0,0,1,0,1,28.545,77.1926,Asia
CHINA,"China University of Geosciences, Beijing",700,2500,8,60,80,650,300,150,50,200,30,https://www.cug.edu.cn,1,0,0,0,1,0,0,1,0,1,39.9917,116.3655,Asia
SPAIN,University of La Laguna,850,1200,5,70,80,800,350,200,70,250,40,https://www.ull.es,1,1,1,1,1,0,0,1,0,0,28.4818,-16.3161,Europe
FINLAND,University of Jyvaskyla,600,1800,10,60,90,900,450,200,60,300,50,https://www.jyu.fi,1,1,1,0,1,0,0,1,0,1,62.2408,25.7472,Europe
UNITED KINGDOM,"Institute of Cancer Research, University of London",600,9000,25,40,85,1300,700,300,150,600,60,https://www.icr.ac.uk,0,0,0,0,1,0,1,0,0,0,51.2963,-0.2063,Europe
INDIA,Delhi University,600,1200,10,50,65,400,200,100,30,150,20,https://www.du.ac.in,1,0,1,0,1,0,0,1,0,0,28.6863,77.2101,Asia
ITALY,University of Salerno,750,2500,10,50,85,800,400,200,60,250,40,https://www.unisa.it,1,1,1,1,1,0,0,1,0,0,40.7756,14.7873,Europe
SOUTH AFRICA,University of Johannesburg,700,2000,5,50,65,600,300,150,70,250,40,https://www.uj.ac.za,1,1,1,1,1,0,0,1,0,1,-26.1909,28.0254,Africa
CZECH REPUBLIC,Palacky University Olomouc,850,3500,10,60,80,700,300,150,50,200,30,https://www.upol.cz,1,1,1,1,1,0,0,1,0,0,49.5901,17.251,Europe
FRANCE,Savoie Mont Blanc University,900,2000,7,70,85,800,400,200,50,300,40,https://www.univ-smb.fr,1,0,1,1,1,0,0,1,0,0,45.6425,5.8702,Europe
CHINA,Shaanxi Normal University,1000,2000,4,80,75,550,250,150,50,180,30,https://www.snnu.edu.cn,1,0,0,0,1,0,0,1,0,0,34.1572,108.8967,Asia
CANADA,Concordia University,650,8000,15,45,80,1000,500,200,100,400,60,https://www.concordia.ca,1,1,1,0,1,0,0,1,1,1,45.4973,-73.5795,Northern America
